<?xml version='1.0' encoding='utf-8' standalone='yes' ?>
<map>
    <long name="first_open_time" value="1737605178010" />
    <string name="gmp_app_id">1:916277156482:android:2a18964d839ee17a</string>
    <string name="app_instance_id">7a1165aa93288bbb1f566ca13bb0abc5</string>
    <long name="session_id" value="1754618192" />
    <boolean name="app_backgrounded" value="true" />
    <long name="health_monitor:start" value="1754618192925" />
    <boolean name="use_service" value="true" />
    <boolean name="deferred_analytics_collection" value="false" />
    <string name="previous_os_version">15</string>
    <boolean name="has_been_opened" value="true" />
    <boolean name="allow_remote_dynamite" value="true" />
    <long name="last_pause_time" value="1754618208318" />
    <boolean name="start_new_session" value="false" />
</map>
