<?xml version='1.0' encoding='utf-8' standalone='yes' ?>
<map>
    <set name="fire-cls/18.4.1 fire-fcm/23.0.8 fire-perf/20.1.1 android-min-sdk/24 fire-analytics/21.3.0 fire-core-ktx/unspecified fire-abt/21.0.2 fire-sessions/1.0.2 device-name/79ed1019bd0cb5c9 fire-core/20.3.3 android-installer/com.android.vending device-model/c30f000bf5eb23c fire-android/30 fire-installations/17.1.3 fire-rc/21.1.2 android-platform/ device-brand/add007bdf591a2e1 android-target-sdk/27 fire-transport/18.1.8 kotlin/1.9.0">
        <string>2025-08-04</string>
    </set>
    <string name="last-used-date">2025-08-08</string>
    <long name="fire-count" value="2" />
    <long name="fire-global" value="1754291323823" />
    <set name="fire-cls/18.4.1 fire-perf/20.1.1 fire-fcm/23.0.8 fire-analytics/21.3.0 android-min-sdk/24 fire-core-ktx/unspecified device-name/79ed1019bd0cb5c9 fire-sessions/1.0.2 fire-abt/21.0.2 fire-core/20.3.3 fire-android/35 android-installer/com.android.vending device-model/c30f000bf5eb23c fire-installations/17.1.3 fire-rc/21.1.2 android-platform/ fire-transport/18.1.8 device-brand/add007bdf591a2e1 android-target-sdk/27 kotlin/1.9.0">
        <string>2025-08-08</string>
    </set>
</map>
